<Ui xmlns="http://www.blizzard.com/wow/ui/" xmlns:xsi="http://www.w3.org/2001/XMLSchemainstance" xsi:schemaLocation="http://www.blizzard.com/wow/ui/ ..\FrameXML\UI.xsd">
  <Script file="localization.lua" />
  <Script file="GTFO.lua" />
  <Script file="GTFO_Spells.lua" />
  <Script file="GTFO_Custom.lua" />
     <Frame name="GTFOFrame" parent="UIParent" hidden="false">
     <Scripts>
      <OnEvent>GTFO_OnEvent(event);</OnEvent>
      <OnLoad>GTFO_OnLoad();</OnLoad>
    </Scripts>
  </Frame>
</Ui>
