<UI xmlns="http://www.blizzard.com/wow/ui/" xmlns:xsi="http://www.w3.org/2001/XMLSchema-instance" xsi:schemaLocation="http://www.blizzard.com/wow/ui/">
	<Font name="Specific_GameFontNormal" font="Interface\AddOns\DiamondThreatMeter\gfx\ABF.ttf" virtual="true">
		<FontHeight>
			<AbsValue val="14"/>
		</FontHeight>
		<Shadow>
			<Offset x="1" y="-1" />
			<Color r="0" g="0" b="0"/>
		</Shadow>
		<Color r="1" g="1" b="1"/>
	</Font>
	<Font name="Specific_GameFontNormalSmall" font="Interface\AddOns\DiamondThreatMeter\gfx\ABF.ttf" virtual="true">
		<FontHeight>
			<AbsValue val="14"/>
		</FontHeight>
		<Shadow>
			<Offset x="1" y="-1" />
			<Color r="0" g="0" b="0"/>
		</Shadow>
		<Color r="1" g="1" b="1"/>
	</Font>
	<Font name="Specific_GameFontHighlightSmall" font="Interface\AddOns\DiamondThreatMeter\gfx\ABF.ttf" virtual="true">
		<FontHeight>
			<AbsValue val="14"/>
		</FontHeight>
		<Shadow>
			<Offset x="1" y="-1" />
			<Color r="0" g="0" b="0"/>
		</Shadow>
		<Color r="1" g="1" b="1"/>
	</Font>
	<Font name="Specific_GameFontHighlight" font="Interface\AddOns\DiamondThreatMeter\gfx\ABF.ttf" virtual="true">
		<FontHeight>
			<AbsValue val="14"/>
		</FontHeight>
		<Shadow>
			<Offset x="1" y="-1" />
			<Color r="0" g="0" b="0"/>
		</Shadow>
		<Color r="1" g="1" b="1"/>
	</Font>
	<Font name="Specific_GameFontNormalLarge" font="Interface\AddOns\DiamondThreatMeter\gfx\ABF.ttf" virtual="true">
		<FontHeight>
			<AbsValue val="20"/>
		</FontHeight>
		<Shadow>
			<Offset x="1" y="-1" />
			<Color r="0" g="0" b="0"/>
		</Shadow>
		<Color r="1" g="1" b="1"/>
	</Font>

	<Script file="DiamondThreatMeter.lua" /> 

	<Frame name="DTM_BIOS_Frame">
		<Scripts>	
			<OnLoad>
				DTM_BIOS_OnLoad(self);
			</OnLoad>   
			<OnEvent>
				DTM_BIOS_OnEvent(self, event, ...);
			</OnEvent>
		</Scripts>
	</Frame>
</UI>
