<UI xmlns="http://www.blizzard.com/wow/ui/" xmlns:xsi="http://www.w3.org/2001/XMLSchema-instance" xsi:schemaLocation="http://www.blizzard.com/wow/ui/">
	<Script file="errorConsole.lua" /> 

	<Frame name="DTM_ErrorConsole" parent="UIParent" frameStrata="DIALOG" hidden="true">
		<Size>
			<AbsDimension x="384" y="288"/>
		</Size>

		<Anchors>
			<Anchor point="CENTER" relativeTo="UIParent" relativePoint="CENTER"/>
		</Anchors>

		<Backdrop bgFile="Interface\Tooltips\UI-Tooltip-Background" edgeFile="Interface\Tooltips\UI-Tooltip-Border" tile="true">
			<EdgeSize>
				<AbsValue val="16"/>
			</EdgeSize>
			<TileSize>
				<AbsValue val="16"/>
			</TileSize>
			<BackgroundInsets>
				<AbsInset left="4" right="4" top="4" bottom="4"/>
			</BackgroundInsets>
		</Backdrop>

		<Layers>
			<Layer level="BORDER">
				<Texture name="DTM_ErrorConsole_Diamond" file="Interface\AddOns\DiamondThreatMeter\gfx\Diamond\Diamond32x32">
					<Size>
						<AbsDimension x="32" y="32"/>
					</Size>
					<Anchors>
						<Anchor point="TOPLEFT">
							<Offset>
								<AbsDimension x="4" y="16"/>
							</Offset>
						</Anchor>
					</Anchors>
				</Texture>
			</Layer>
			<Layer level="ARTWORK">
				<FontString name="DTM_ErrorConsole_Header" inherits="Specific_GameFontNormal">
					<Size>
						<AbsDimension x="352" y="32"/>
					</Size>
					<Anchors>
						<Anchor point="TOP">
							<Offset>
								<AbsDimension x="0" y="-8"/>
							</Offset>
						</Anchor>
					</Anchors>
				</FontString>
				<FontString name="DTM_ErrorConsole_Position" inherits="Specific_GameFontHighlight">
					<Size>
						<AbsDimension x="128" y="32"/>
					</Size>
					<Anchors>
						<Anchor point="BOTTOMLEFT">
							<Offset>
								<AbsDimension x="40" y="4"/>
							</Offset>
						</Anchor>
					</Anchors>
				</FontString>
			</Layer>
		</Layers>

		<Frames>
			<Frame name="DTM_ErrorConsole_BackgroundFrame">
				<Size>
					<AbsDimension x="368" y="208"/>
				</Size>
				<Anchors>
					<Anchor point="BOTTOM">
						<Offset>
							<AbsDimension x="0" y="40"/>
						</Offset>
					</Anchor>
				</Anchors>
				<Backdrop bgFile="Interface\Tooltips\UI-Tooltip-Background" edgeFile="Interface\Tooltips\UI-Tooltip-Border" tile="true">
					<EdgeSize>
						<AbsValue val="16"/>
					</EdgeSize>
					<TileSize>
						<AbsValue val="16"/>
					</TileSize>
					<BackgroundInsets>
						<AbsInset left="4" right="4" top="4" bottom="4"/>
					</BackgroundInsets>
				</Backdrop>
				<Scripts>
					<OnLoad>
						self:SetBackdropBorderColor(1.0, 0.0, 0.0);
						self:SetBackdropColor(0.3, 0.0, 0.0);
					</OnLoad>
				</Scripts>
			</Frame>
			<ScrollFrame name="DTM_ErrorConsole_ScrollFrame" inherits="UIPanelScrollFrameTemplate">
				<Size>
					<AbsDimension x="330" y="192"/>
				</Size>
				<Anchors>
					<Anchor point="LEFT" relativeTo="DTM_ErrorConsole_BackgroundFrame" relativePoint="LEFT">
						<Offset>
							<AbsDimension x="6" y="0"/>
						</Offset>
					</Anchor>
				</Anchors>
				<ScrollChild>
					<EditBox name="DTM_ErrorConsole_ErrorText" multiLine="true" autoFocus="false">
						<Size>
							<AbsDimension x="330" y="192"/>
						</Size>
						<Scripts>
							<OnTextChanged>
								local scrollBar = getglobal(self:GetParent():GetName().."ScrollBar")
								local min;
								local max;
								min, max = scrollBar:GetMinMaxValues();
								if ( max > 0 and (self.max ~= max) ) then
									self.max = max;
									scrollBar:SetValue(max);
								end
							</OnTextChanged>
							<OnEscapePressed>
								self:ClearFocus();
							</OnEscapePressed>
						</Scripts>
						<FontString inherits="Specific_GameFontHighlightSmall"/>
					</EditBox>
				</ScrollChild>
			</ScrollFrame>
			<Button name="DTM_ErrorConsole_ErrorTextButton">
				<Size>
					<AbsDimension x="330" y="192"/>
				</Size>
				<Anchors>
					<Anchor point="CENTER" relativeTo="DTM_ErrorConsole_ErrorText"/>
				</Anchors>
				<Scripts>
					<OnClick>
						DTM_ErrorConsole_ErrorText:SetFocus();
					</OnClick>
				</Scripts>
			</Button>

			<Button name="DTM_ErrorConsole_CloseButton" inherits="OptionsButtonTemplate" text="CLOSE">
				<Size>
					<AbsDimension x="96" y="24"/>
				</Size>
				<Anchors>
					<Anchor point="BOTTOMRIGHT">
						<Offset>
							<AbsDimension x="-8" y="8"/>
						</Offset>
					</Anchor>
				</Anchors>
				<Scripts>
					<OnClick>
						DTM_ErrorConsole:Close();
					</OnClick>
				</Scripts>
			</Button>
			<Button name="DTM_ErrorConsole_PrevButton">
				<Size>
					<AbsDimension x="32" y="32"/>
				</Size>
				<Anchors>
					<Anchor point="RIGHT" relativeTo="DTM_ErrorConsole_Position" relativePoint="LEFT">
						<Offset>
							<AbsDimension x="0" y="0"/>
						</Offset>
					</Anchor>
				</Anchors>
				<Scripts>
					<OnClick>
						PlaySound("igMainMenuOptionCheckBoxOn");
					      DTM_ErrorConsole:MoveError(-1);
					</OnClick>
				</Scripts>
				<NormalTexture file="Interface\Buttons\UI-SpellbookIcon-PrevPage-Up"/>
				<PushedTexture file="Interface\Buttons\UI-SpellbookIcon-PrevPage-Down"/>
				<DisabledTexture file="Interface\Buttons\UI-SpellbookIcon-PrevPage-Disabled"/>
				<HighlightTexture file="Interface\Buttons\UI-Common-MouseHilight" alphaMode="ADD"/>
			</Button>
			<Button name="DTM_ErrorConsole_NextButton">
				<Size>
					<AbsDimension x="32" y="32"/>
				</Size>
				<Anchors>
					<Anchor point="LEFT" relativeTo="DTM_ErrorConsole_Position" relativePoint="RIGHT">
						<Offset>
							<AbsDimension x="0" y="0"/>
						</Offset>
					</Anchor>
				</Anchors>
				<Scripts>
					<OnClick>
						PlaySound("igMainMenuOptionCheckBoxOn");
					      DTM_ErrorConsole:MoveError(1);
					</OnClick>
				</Scripts>
				<NormalTexture file="Interface\Buttons\UI-SpellbookIcon-NextPage-Up"/>
				<PushedTexture file="Interface\Buttons\UI-SpellbookIcon-NextPage-Down"/>
				<DisabledTexture file="Interface\Buttons\UI-SpellbookIcon-NextPage-Disabled"/>
				<HighlightTexture file="Interface\Buttons\UI-Common-MouseHilight" alphaMode="ADD"/>
			</Button>
		</Frames>

		<Scripts>
			<OnLoad>
				self:SetBackdropBorderColor(0.5, 0.5, 0.5);
				self:SetBackdropColor(0.3, 0.3, 0.3);
				DTM_ErrorConsole_OnLoad(self);
			</OnLoad>
		</Scripts>
	</Frame>
	<Frame name="DTM_ErrorConsoleSystem" hidden="false">
		<Scripts>
			<OnUpdate>
				DTM_ErrorConsole_OnUpdate(elapsed);
			</OnUpdate>
		</Scripts>
	</Frame>
</UI>